[{"__symbolic":"module","version":4,"metadata":{"dataAuthenticationInitializerFactory":{"__symbolic":"function"},"AuthenticationService":{"__symbolic":"class","decorators":[{"__symbolic":"call","expression":{"__symbolic":"reference","module":"@angular/core","name":"Injectable","line":86,"character":1}}],"members":{"__ctor__":[{"__symbolic":"constructor","parameters":[{"__symbolic":"reference","module":"angular-generic","name":"DataService","line":126,"character":21}]}],"checkLogin":[{"__symbolic":"method"}]},"statics":{"databaseMethodNamesToIntercept":{"__symbolic":"call","expression":{"__symbolic":"select","expression":{"__symbolic":"select","expression":{"__symbolic":"reference","module":"angular-generic","name":"DataService","line":63,"character":4},"member":"wrappableMethodNames"},"member":"slice"}}}},"AuthenticationGuard":{"__symbolic":"class","decorators":[{"__symbolic":"call","expression":{"__symbolic":"reference","module":"@angular/core","name":"Injectable","line":226,"character":1}}],"members":{"__ctor__":[{"__symbolic":"constructor","parameterDecorators":[null,[{"__symbolic":"call","expression":{"__symbolic":"reference","module":"@angular/core","name":"Inject","line":254,"character":9},"arguments":[{"__symbolic":"reference","module":"@angular/core","name":"PLATFORM_ID","line":254,"character":16}]}],null],"parameters":[{"__symbolic":"reference","name":"AuthenticationService"},{"__symbolic":"reference","name":"string"},{"__symbolic":"reference","module":"@angular/router","name":"Router","line":255,"character":15}]}],"canActivate":[{"__symbolic":"method"}],"canActivateChild":[{"__symbolic":"method"}],"checkLogin":[{"__symbolic":"method"}]},"statics":{"loginPath":"/login","skipOnServer":true}},"LoginComponent":{"__symbolic":"class","decorators":[{"__symbolic":"call","expression":{"__symbolic":"reference","module":"@angular/core","name":"Component","line":314,"character":1},"arguments":[{"animations":[{"__symbolic":"reference","module":"angular-generic/animation","name":"defaultAnimation","line":315,"character":17}],"changeDetection":{"__symbolic":"select","expression":{"__symbolic":"reference","module":"@angular/core","name":"ChangeDetectionStrategy","line":316,"character":21},"member":"OnPush"},"host":{"[@defaultAnimation]":"","(window:keydown)":"$event.keyCode === keyCode.ENTER ? login() : null","$quoted$":["[@defaultAnimation]","(window:keydown)"]},"selector":"login","template":"\n        <div class=\"message\" @defaultAnimation *ngIf=\"errorMessage\">\n            {{errorMessage}}\n        </div>\n        <mat-form-field>\n            <input matInput [(ngModel)]=\"loginName\" [placeholder]=\"loginLabel\">\n            <mat-icon matSuffix>account_circle</mat-icon>\n        </mat-form-field>\n        <mat-form-field>\n            <input\n                matInput\n                [(ngModel)]=\"password\"\n                [placeholder]=\"passwordLabel\"\n                type=\"password\"\n            >\n            <mat-icon matSuffix>lock</mat-icon>\n        </mat-form-field>\n        <button\n            (click)=\"login()\"\n            @defaultAnimation\n            mat-raised-button\n            *ngIf=\"loginName && password\"\n        >{{loginButtonLabel}}</button>\n    "}]}],"members":{"loginButtonLabel":[{"__symbolic":"property","decorators":[{"__symbolic":"call","expression":{"__symbolic":"reference","module":"@angular/core","name":"Input","line":366,"character":5}}]}],"loginLabel":[{"__symbolic":"property","decorators":[{"__symbolic":"call","expression":{"__symbolic":"reference","module":"@angular/core","name":"Input","line":367,"character":5}}]}],"passwordLabel":[{"__symbolic":"property","decorators":[{"__symbolic":"call","expression":{"__symbolic":"reference","module":"@angular/core","name":"Input","line":369,"character":5}}]}],"__ctor__":[{"__symbolic":"constructor","parameterDecorators":[null,null,null,[{"__symbolic":"call","expression":{"__symbolic":"reference","module":"@angular/core","name":"Inject","line":392,"character":9},"arguments":[{"__symbolic":"reference","module":"@angular/core","name":"PLATFORM_ID","line":392,"character":16}]}],null,null,null],"parameters":[{"__symbolic":"reference","name":"AuthenticationService"},{"__symbolic":"reference","name":"AuthenticationGuard"},{"__symbolic":"reference","module":"angular-generic","name":"DataService","line":126,"character":21},{"__symbolic":"reference","name":"string"},{"__symbolic":"reference","module":"@angular/router","name":"Router","line":255,"character":15},{"__symbolic":"reference","module":"angular-generic","name":"RepresentObjectPipe","line":394,"character":28},{"__symbolic":"reference","module":"angular-generic","name":"UtilityService","line":395,"character":16}]}],"login":[{"__symbolic":"method"}]}},"Module":{"__symbolic":"class","decorators":[{"__symbolic":"call","expression":{"__symbolic":"reference","module":"@angular/core","name":"NgModule","line":443,"character":1},"arguments":[{"declarations":[{"__symbolic":"reference","name":"LoginComponent"}],"exports":[{"__symbolic":"reference","name":"LoginComponent"}],"imports":[{"__symbolic":"call","expression":{"__symbolic":"select","expression":{"__symbolic":"reference","module":"@angular/platform-browser","name":"BrowserModule","line":455,"character":8},"member":"withServerTransition"},"arguments":[{"appId":"generic-universal"}]},{"__symbolic":"reference","module":"@angular/forms","name":"FormsModule","line":456,"character":8},{"__symbolic":"reference","module":"angular-generic","name":"Module","line":457,"character":8},{"__symbolic":"reference","module":"@angular/material","name":"MatButtonModule","line":458,"character":8},{"__symbolic":"reference","module":"@angular/material","name":"MatIconModule","line":459,"character":8},{"__symbolic":"reference","module":"@angular/material","name":"MatInputModule","line":460,"character":8}],"providers":[{"__symbolic":"reference","name":"AuthenticationGuard"},{"__symbolic":"reference","name":"AuthenticationService"},{"deps":[{"__symbolic":"reference","module":"angular-generic","name":"DataService","line":126,"character":21}],"multi":true,"provide":{"__symbolic":"reference","module":"@angular/core","name":"APP_INITIALIZER","line":472,"character":21},"useFactory":{"__symbolic":"reference","name":"dataAuthenticationInitializerFactory"}}]}]}]}}}]