[{"__symbolic":"module","version":4,"metadata":{"dataAuthenticationInitializerFactory":{"__symbolic":"function"},"AuthenticationService":{"__symbolic":"class","decorators":[{"__symbolic":"call","expression":{"__symbolic":"reference","module":"@angular/core","name":"Injectable","line":91,"character":1}}],"members":{"__ctor__":[{"__symbolic":"constructor","parameters":[{"__symbolic":"reference","module":"angular-generic","name":"DataService","line":150,"character":21},{"__symbolic":"reference","module":"@angular/core","name":"Injector","line":150,"character":43},{"__symbolic":"reference","module":"@angular/common","name":"Location","line":150,"character":62}]}],"checkLogin":[{"__symbolic":"method"}]},"statics":{"loginPath":"/login"}},"AuthenticationGuard":{"__symbolic":"class","decorators":[{"__symbolic":"call","expression":{"__symbolic":"reference","module":"@angular/core","name":"Injectable","line":298,"character":1}}],"members":{"__ctor__":[{"__symbolic":"constructor","parameterDecorators":[null,[{"__symbolic":"call","expression":{"__symbolic":"reference","module":"@angular/core","name":"Inject","line":325,"character":9},"arguments":[{"__symbolic":"reference","module":"@angular/core","name":"PLATFORM_ID","line":325,"character":16}]}]],"parameters":[{"__symbolic":"reference","name":"AuthenticationService"},{"__symbolic":"reference","name":"string"}]}],"canActivate":[{"__symbolic":"method"}],"canActivateChild":[{"__symbolic":"method"}],"checkLogin":[{"__symbolic":"method"}]},"statics":{"checkEachRouteActiviation":false,"skipOnServer":true}},"LoginComponent":{"__symbolic":"class","decorators":[{"__symbolic":"call","expression":{"__symbolic":"reference","module":"@angular/core","name":"Component","line":376,"character":1},"arguments":[{"animations":[{"__symbolic":"reference","module":"angular-generic/animation","name":"defaultAnimation","line":377,"character":17}],"host":{"[@defaultAnimation]":"","(window:keydown)":"$event.keyCode === keyCode.ENTER ? login() : null","$quoted$":["[@defaultAnimation]","(window:keydown)"]},"selector":"login","template":"\n        <div class=\"message\" @defaultAnimation *ngIf=\"errorMessage\">\n            {{errorMessage}}\n        </div>\n        <mat-form-field>\n            <input\n                matInput\n                [ngModel]=\"loginName\"\n                (ngModelChange)=\"errorMessage = ''; loginName = $event\"\n                [placeholder]=\"loginLabel\"\n            >\n            <mat-icon matSuffix>account_circle</mat-icon>\n        </mat-form-field>\n        <mat-form-field>\n            <input\n                matInput\n                [ngModel]=\"password\"\n                (ngModelChange)=\"errorMessage = ''; password = $event\"\n                [placeholder]=\"passwordLabel\"\n                type=\"password\"\n            >\n            <mat-icon matSuffix>lock</mat-icon>\n        </mat-form-field>\n        <button\n            (click)=\"login()\"\n            @defaultAnimation\n            mat-raised-button\n            *ngIf=\"loginName && password\"\n        >{{loginButtonLabel}}</button>\n    "}]}],"members":{"errorMessage":[{"__symbolic":"property","decorators":[{"__symbolic":"call","expression":{"__symbolic":"reference","module":"@angular/core","name":"Input","line":430,"character":5}}]}],"loginName":[{"__symbolic":"property","decorators":[{"__symbolic":"call","expression":{"__symbolic":"reference","module":"@angular/core","name":"Input","line":432,"character":5}}]}],"loginButtonLabel":[{"__symbolic":"property","decorators":[{"__symbolic":"call","expression":{"__symbolic":"reference","module":"@angular/core","name":"Input","line":433,"character":5}}]}],"loginLabel":[{"__symbolic":"property","decorators":[{"__symbolic":"call","expression":{"__symbolic":"reference","module":"@angular/core","name":"Input","line":434,"character":5}}]}],"password":[{"__symbolic":"property","decorators":[{"__symbolic":"call","expression":{"__symbolic":"reference","module":"@angular/core","name":"Input","line":435,"character":5}}]}],"passwordLabel":[{"__symbolic":"property","decorators":[{"__symbolic":"call","expression":{"__symbolic":"reference","module":"@angular/core","name":"Input","line":436,"character":5}}]}],"__ctor__":[{"__symbolic":"constructor","parameterDecorators":[null,null,[{"__symbolic":"call","expression":{"__symbolic":"reference","module":"@angular/core","name":"Inject","line":456,"character":9},"arguments":[{"__symbolic":"reference","module":"@angular/core","name":"PLATFORM_ID","line":456,"character":16}]}],null,null,null],"parameters":[{"__symbolic":"reference","name":"AuthenticationService"},{"__symbolic":"reference","module":"angular-generic","name":"DataService","line":150,"character":21},{"__symbolic":"reference","name":"string"},{"__symbolic":"reference","module":"@angular/router","name":"Router","line":457,"character":15},{"__symbolic":"reference","module":"angular-generic","name":"RepresentObjectPipe","line":458,"character":28},{"__symbolic":"reference","module":"angular-generic","name":"UtilityService","line":459,"character":16}]}],"login":[{"__symbolic":"method"}]}},"Module":{"__symbolic":"class","decorators":[{"__symbolic":"call","expression":{"__symbolic":"reference","module":"@angular/core","name":"NgModule","line":513,"character":1},"arguments":[{"declarations":[{"__symbolic":"reference","name":"LoginComponent"}],"exports":[{"__symbolic":"reference","name":"LoginComponent"}],"imports":[{"__symbolic":"call","expression":{"__symbolic":"select","expression":{"__symbolic":"reference","module":"@angular/platform-browser","name":"BrowserModule","line":525,"character":8},"member":"withServerTransition"},"arguments":[{"appId":"generic-universal"}]},{"__symbolic":"reference","module":"@angular/forms","name":"FormsModule","line":526,"character":8},{"__symbolic":"reference","module":"angular-generic","name":"Module","line":527,"character":8},{"__symbolic":"reference","module":"@angular/material/button","name":"MatButtonModule","line":528,"character":8},{"__symbolic":"reference","module":"@angular/material/icon","name":"MatIconModule","line":529,"character":8},{"__symbolic":"reference","module":"@angular/material/input","name":"MatInputModule","line":530,"character":8}],"providers":[{"__symbolic":"reference","name":"AuthenticationGuard"},{"__symbolic":"reference","name":"AuthenticationService"},{"deps":[{"__symbolic":"reference","module":"angular-generic","name":"DataService","line":150,"character":21}],"multi":true,"provide":{"__symbolic":"reference","module":"@angular/core","name":"APP_INITIALIZER","line":542,"character":21},"useFactory":{"__symbolic":"reference","name":"dataAuthenticationInitializerFactory"}}]}]}]}}}]