[{"__symbolic":"module","version":4,"metadata":{"dataAuthenticationInitializerFactory":{"__symbolic":"function"},"AuthenticationService":{"__symbolic":"class","decorators":[{"__symbolic":"call","expression":{"__symbolic":"reference","module":"@angular/core","name":"Injectable"}}],"members":{"__ctor__":[{"__symbolic":"constructor","parameters":[{"__symbolic":"reference","module":"angular-generic","name":"DataService"}]}],"checkLogin":[{"__symbolic":"method"}]},"statics":{"databaseMethodNamesToIntercept":{"__symbolic":"call","expression":{"__symbolic":"select","expression":{"__symbolic":"select","expression":{"__symbolic":"reference","module":"angular-generic","name":"DataService"},"member":"wrappableMethodNames"},"member":"slice"}}}},"AuthenticationGuard":{"__symbolic":"class","decorators":[{"__symbolic":"call","expression":{"__symbolic":"reference","module":"@angular/core","name":"Injectable"}}],"members":{"__ctor__":[{"__symbolic":"constructor","parameters":[{"__symbolic":"reference","name":"AuthenticationService"},{"__symbolic":"reference","module":"@angular/router","name":"Router"}]}],"canActivate":[{"__symbolic":"method"}],"canActivateChild":[{"__symbolic":"method"}],"checkLogin":[{"__symbolic":"method"}]},"statics":{"loginPath":"/login"}},"LoginComponent":{"__symbolic":"class","decorators":[{"__symbolic":"call","expression":{"__symbolic":"reference","module":"@angular/core","name":"Component"},"arguments":[{"animations":[{"__symbolic":"reference","module":"angular-generic/animation","name":"defaultAnimation"}],"changeDetection":{"__symbolic":"select","expression":{"__symbolic":"reference","module":"@angular/core","name":"ChangeDetectionStrategy"},"member":"OnPush"},"host":{"[@defaultAnimation]":"","(window:keydown)":"$event.keyCode === keyCode.ENTER ? login() : null","$quoted$":["[@defaultAnimation]","(window:keydown)"]},"selector":"login","template":"\n        <div class=\"message\" @defaultAnimation *ngIf=\"errorMessage\">\n            {{errorMessage}}\n        </div>\n        <mat-form-field>\n            <input matInput [(ngModel)]=\"loginName\" [placeholder]=\"loginLabel\">\n            <mat-icon matSuffix>account_circle</mat-icon>\n        </mat-form-field>\n        <mat-form-field>\n            <input\n                matInput\n                [(ngModel)]=\"password\"\n                [placeholder]=\"passwordLabel\"\n                type=\"password\"\n            >\n            <mat-icon matSuffix>lock</mat-icon>\n        </mat-form-field>\n        <button\n            (click)=\"login()\"\n            @defaultAnimation\n            mat-raised-button\n            *ngIf=\"loginName && password\"\n        >{{loginButtonLabel}}</button>\n    "}]}],"members":{"loginButtonLabel":[{"__symbolic":"property","decorators":[{"__symbolic":"call","expression":{"__symbolic":"reference","module":"@angular/core","name":"Input"}}]}],"loginLabel":[{"__symbolic":"property","decorators":[{"__symbolic":"call","expression":{"__symbolic":"reference","module":"@angular/core","name":"Input"}}]}],"passwordLabel":[{"__symbolic":"property","decorators":[{"__symbolic":"call","expression":{"__symbolic":"reference","module":"@angular/core","name":"Input"}}]}],"__ctor__":[{"__symbolic":"constructor","parameterDecorators":[null,null,null,[{"__symbolic":"call","expression":{"__symbolic":"reference","module":"@angular/core","name":"Inject"},"arguments":[{"__symbolic":"reference","module":"@angular/core","name":"PLATFORM_ID"}]}],null,null,null],"parameters":[{"__symbolic":"reference","name":"AuthenticationService"},{"__symbolic":"reference","name":"AuthenticationGuard"},{"__symbolic":"reference","module":"angular-generic","name":"DataService"},{"__symbolic":"reference","name":"string"},{"__symbolic":"reference","module":"@angular/router","name":"Router"},{"__symbolic":"reference","module":"angular-generic","name":"RepresentObjectPipe"},{"__symbolic":"reference","module":"angular-generic","name":"UtilityService"}]}],"login":[{"__symbolic":"method"}]}},"Module":{"__symbolic":"class","decorators":[{"__symbolic":"call","expression":{"__symbolic":"reference","module":"@angular/core","name":"NgModule"},"arguments":[{"declarations":[{"__symbolic":"reference","name":"LoginComponent"}],"exports":[{"__symbolic":"reference","name":"LoginComponent"}],"imports":[{"__symbolic":"call","expression":{"__symbolic":"select","expression":{"__symbolic":"reference","module":"@angular/platform-browser","name":"BrowserModule"},"member":"withServerTransition"},"arguments":[{"appId":"generic-universal"}]},{"__symbolic":"reference","module":"@angular/forms","name":"FormsModule"},{"__symbolic":"reference","module":"angular-generic","name":"Module"},{"__symbolic":"reference","module":"@angular/material","name":"MatButtonModule"},{"__symbolic":"reference","module":"@angular/material","name":"MatIconModule"},{"__symbolic":"reference","module":"@angular/material","name":"MatInputModule"}],"providers":[{"__symbolic":"reference","name":"AuthenticationGuard"},{"__symbolic":"reference","name":"AuthenticationService"},{"deps":[{"__symbolic":"reference","module":"angular-generic","name":"DataService"}],"multi":true,"provide":{"__symbolic":"reference","module":"@angular/core","name":"APP_INITIALIZER"},"useFactory":{"__symbolic":"reference","name":"dataAuthenticationInitializerFactory"}}]}]}]}}}]